date,close,volume,open,high,low
2017/9/12,74.68,14387100,74.76,75.24,74.37
2017/9/11,74.76,17900360,74.31,74.945,74.31
2017/9/8,73.98,14703700,74.33,74.44,73.84
2017/9/7,74.34,17468290,73.68,74.6,73.6
2017/9/6,73.4,16525320,73.74,74.04,73.35
2017/9/5,73.61,22234340,73.34,73.89,72.98
2017/9/1,73.94,21713620,74.71,74.74,73.64
2017/8/31,74.77,27645380,74.03,74.96,73.8
2017/8/30,74.01,16892790,73.01,74.2099,72.8293
2017/8/29,73.05,11470410,72.25,73.16,72.05
2017/8/28,72.83,14558700,73.06,73.09,72.55
2017/8/25,72.82,12790300,72.86,73.35,72.48
2017/8/24,72.69,17097240,72.74,72.86,72.07
2017/8/23,72.72,13758650,72.96,73.15,72.53
2017/8/22,73.16,14333220,72.35,73.24,72.35
2017/8/21,72.15,17698800,72.47,72.48,71.7
2017/8/18,72.49,18760830,72.27,72.84,71.93
2017/8/17,72.4,22450130,73.58,73.87,72.4
2017/8/16,73.65,18146300,73.34,74.1,73.17
2017/8/15,73.22,19174140,73.59,73.59,73.04
2017/8/14,73.59,20079920,73.06,73.72,72.95
2017/8/11,72.5,21429130,71.61,72.7,71.28
2017/8/10,71.41,23882090,71.9,72.19,71.35
2017/8/9,72.47,22208930,72.25,72.51,72.05
2017/8/8,72.79,22029970,72.09,73.13,71.75
2017/8/7,72.4,18703680,72.8,72.9,72.26
2017/8/4,72.68,22578340,72.4,73.04,72.24
2017/8/3,72.15,18203460,72.19,72.44,71.845
2017/8/2,72.26,26487360,72.55,72.56,71.445
2017/8/1,72.58,20755590,73.1,73.42,72.49
2017/7/31,72.7,23546300,73.3,73.44,72.41
2017/7/28,73.04,17800810,72.67,73.31,72.54
2017/7/27,73.16,35803280,73.76,74.42,72.32
2017/7/26,74.05,16074960,74.34,74.38,73.81
2017/7/25,74.19,21934340,73.8,74.31,73.5
2017/7/24,73.6,21227590,73.53,73.75,73.13
2017/7/21,73.79,46301020,73.45,74.29,73.17
2017/7/20,74.22,39459200,74.18,74.3,73.28
2017/7/19,73.86,22071360,73.5,74.04,73.45
2017/7/18,73.3,26356400,73.09,73.39,72.66
2017/7/17,73.35,21776670,72.8,73.45,72.72
2017/7/14,72.78,25780260,72.24,73.27,71.96
2017/7/13,71.77,20267570,71.5,72.0399,71.31
2017/7/12,71.15,17747470,70.69,71.28,70.55
2017/7/11,69.99,17459190,70,70.68,69.75
2017/7/10,69.98,15006190,69.46,70.25,69.2
2017/7/7,69.46,15910410,68.7,69.84,68.7
2017/7/6,68.57,21108330,68.27,68.78,68.12
2017/7/5,69.08,21164570,68.255,69.44,68.22
2017/7/3,68.17,16165540,69.33,69.6,68.02
2017/6/30,68.93,24094240,68.78,69.38,68.74
2017/6/29,68.49,28898600,69.38,69.49,68.09
2017/6/28,69.8,25802760,69.21,69.841,68.79
2017/6/27,69.21,25214000,70.11,70.18,69.18
2017/6/26,70.53,19508480,71.4,71.71,70.445
2017/6/23,71.21,27071300,70.09,71.25,69.92
2017/6/22,70.26,22602120,70.54,70.59,69.71
2017/6/21,70.27,19681370,70.21,70.62,69.94
2017/6/20,69.91,21509280,70.82,70.87,69.87
2017/6/19,70.87,23309860,70.5,70.945,70.35
2017/6/16,70,48278130,69.73,70.0252,69.22
2017/6/15,69.9,26006180,69.27,70.21,68.8
2017/6/14,70.27,25483760,70.91,71.1,69.43
2017/6/13,70.65,25254650,70.02,70.82,69.96
2017/6/12,69.78,47720550,69.25,69.94,68.13
2017/6/9,70.32,49143030,72.035,72.08,68.59
2017/6/8,71.95,24460980,72.51,72.52,71.5
2017/6/7,72.39,22282420,72.635,72.77,71.95
2017/6/6,72.52,31506590,72.3,72.62,72.27
2017/6/5,72.28,33303010,71.97,72.89,71.81
2017/6/2,71.76,34637860,70.44,71.86,70.24
2017/6/1,70.1,21538070,70.24,70.61,69.451
2017/5/31,69.84,30445790,70.53,70.74,69.81
2017/5/30,70.41,17057170,69.79,70.41,69.77
2017/5/26,69.96,19716360,69.8,70.22,69.52
2017/5/25,69.62,21838800,68.97,69.88,68.91
2017/5/24,68.77,14665710,68.87,68.88,68.45
2017/5/23,68.68,15423430,68.72,68.75,68.38
2017/5/22,68.45,16216010,67.89,68.5,67.5
2017/5/19,67.69,26905730,67.5,68.095,67.43
2017/5/18,67.71,25184940,67.4,68.13,67.14
2017/5/17,67.48,30494870,68.89,69.1,67.43
2017/5/16,69.41,34936100,68.23,69.44,68.16
2017/5/15,68.43,30954130,68.14,68.48,67.57
2017/5/12,68.38,18700160,68.61,68.61,68.04
2017/5/11,68.46,28771250,68.36,68.73,68.12
2017/5/10,69.31,17934310,68.99,69.56,68.92
2017/5/9,69.04,22442280,68.86,69.28,68.68
2017/5/8,68.94,18553900,68.97,69.05,68.42
2017/5/5,69,19037540,68.9,69.03,68.485
2017/5/4,68.81,21684030,69.03,69.08,68.64
2017/5/3,69.08,28901660,69.38,69.38,68.71
2017/5/2,69.3,23528160,69.71,69.71,69.13
2017/5/1,69.41,31902530,68.68,69.55,68.5
2017/4/28,68.46,39431920,68.91,69.14,67.69
2017/4/27,68.27,34301810,68.15,68.38,67.58
2017/4/26,67.83,26132990,68.08,68.31,67.62
2017/4/25,67.92,30186690,67.9,68.04,67.6
2017/4/24,67.53,29721350,67.48,67.66,67.1
2017/4/21,66.4,32507090,65.67,66.7,65.45
2017/4/20,65.5,22298340,65.46,65.75,65.14
2017/4/19,65.04,26983430,65.65,65.75,64.89
2017/4/18,65.39,15145300,65.33,65.71,65.16
2017/4/17,65.48,16664820,65.04,65.49,65.01
2017/4/13,64.95,17875510,65.29,65.86,64.95
2017/4/12,65.23,17107430,65.42,65.51,65.11
2017/4/11,65.48,18783560,65.6,65.61,64.85
2017/4/10,65.53,17951970,65.61,65.82,65.36
2017/4/7,65.68,14089430,65.85,65.96,65.44
2017/4/6,65.73,18074330,65.6,66.055,65.48
2017/4/5,65.56,21418530,66.3,66.35,65.4443
2017/4/4,65.73,12988620,65.39,65.81,65.28
2017/4/3,65.55,20362440,65.81,65.94,65.19
2017/3/31,65.86,21037270,65.65,66.19,65.45
2017/3/30,65.71,15109580,65.42,65.98,65.36
2017/3/29,65.47,13613870,65.12,65.5,64.9475
2017/3/28,65.29,20066100,64.96,65.47,64.65
2017/3/27,65.1,18555230,64.63,65.22,64.35
2017/3/24,64.98,22616680,65.12,65.45,64.76
2017/3/23,64.87,19267040,64.94,65.235,64.765
2017/3/22,65.03,20635780,64.12,65.14,64.12
2017/3/21,64.21,26607950,65.19,65.5,64.13
2017/3/20,64.93,14273670,64.91,65.175,64.72
2017/3/17,64.87,49077080,64.91,65.24,64.68
2017/3/16,64.64,20638340,64.75,64.76,64.3
2017/3/15,64.75,24819560,64.55,64.92,64.25
2017/3/14,64.41,14280080,64.53,64.55,64.15
2017/3/13,64.71,19558920,65.01,65.195,64.57
2017/3/10,64.93,19531290,65.11,65.26,64.75
2017/3/9,64.73,19841220,65.19,65.2,64.48
2017/3/8,64.99,21510490,64.26,65.085,64.25
2017/3/7,64.4,18507840,64.19,64.775,64.19
2017/3/6,64.27,17536510,63.97,64.56,63.81
2017/3/3,64.25,18138220,63.99,64.28,63.62
2017/3/2,64.01,24523130,64.69,64.75,63.88
2017/3/1,64.94,26911390,64.13,64.99,64.0218
2017/2/28,63.98,23225630,64.08,64.2,63.76
2017/2/27,64.23,15852360,64.54,64.54,64.045
2017/2/24,64.62,21778650,64.53,64.8,64.135
2017/2/23,64.62,20255890,64.42,64.7285,64.195
2017/2/22,64.36,19274640,64.33,64.39,64.05
2017/2/21,64.49,20643320,64.61,64.95,64.45
2017/2/17,64.62,21236980,64.47,64.69,64.3
2017/2/16,64.52,20538890,64.74,65.24,64.44
2017/2/15,64.53,16984020,64.5,64.57,64.155
2017/2/14,64.57,23080270,64.41,64.72,64.02
2017/2/13,64.72,22871800,64.24,64.86,64.13
2017/2/10,64,18169980,64.25,64.3,63.975
2017/2/9,64.06,22625170,63.52,64.435,63.32
2017/2/8,63.34,18089300,63.57,63.81,63.22
2017/2/7,63.43,20271020,63.74,63.78,63.23
2017/2/6,63.64,19776560,63.5,63.65,63.14
2017/2/3,63.68,30288330,63.5,63.7,63.07
2017/2/2,63.17,45820410,63.25,63.41,62.75
2017/2/1,63.58,39650890,64.355,64.62,63.47
2017/1/31,64.65,25258900,64.86,65.15,64.26
2017/1/30,65.13,31627120,65.69,65.79,64.8
2017/1/27,65.78,44806710,65.39,65.91,64.89
2017/1/26,64.27,42688490,64.12,64.535,63.55
2017/1/25,63.68,24480930,63.95,64.1,63.45
2017/1/24,63.52,24647260,63.2,63.735,62.94
2017/1/23,62.96,23055910,62.7,63.1159,62.57
2017/1/20,62.74,30067740,62.67,62.82,62.37
2017/1/19,62.3,18438530,62.24,62.98,62.195
2017/1/18,62.5,19666750,62.67,62.7,62.12
2017/1/17,62.53,20662940,62.68,62.7,62.03
2017/1/13,62.7,19421370,62.62,62.865,62.35
2017/1/12,62.61,20965490,63.06,63.4,61.95
2017/1/11,63.19,21503740,62.61,63.23,62.43
2017/1/10,62.62,18587170,62.73,63.07,62.28
2017/1/9,62.64,20374410,62.76,63.08,62.54
2017/1/6,62.84,19899270,62.3,63.15,62.04
2017/1/5,62.3,24866880,62.19,62.66,62.03
2017/1/4,62.3,21325140,62.48,62.75,62.12
2017/1/3,62.58,20655190,62.79,62.84,62.125
2016/12/30,62.14,25575720,62.96,62.99,62.03
2016/12/29,62.9,10248460,62.86,63.2,62.73
2016/12/28,62.99,14348340,63.4,63.4,62.83
2016/12/27,63.28,11743650,63.21,64.07,63.21
2016/12/23,63.24,12399540,63.45,63.54,62.8
2016/12/22,63.55,22175270,63.84,64.1,63.405
2016/12/21,63.54,17084370,63.43,63.7,63.12
2016/12/20,63.54,26017470,63.69,63.8,63.025
2016/12/19,63.62,34318500,62.56,63.77,62.42
2016/12/16,62.3,42452660,62.95,62.95,62.115
2016/12/15,62.58,27661180,62.7,63.1535,62.3
2016/12/14,62.68,30335770,63,63.45,62.53
2016/12/13,62.98,35072050,62.5,63.42,62.24
2016/12/12,62.17,20186390,61.82,62.3,61.72
2016/12/9,61.97,27337160,61.18,61.99,61.125
2016/12/8,61.01,21201400,61.3,61.58,60.84
2016/12/7,61.37,30807320,60.01,61.38,59.8
2016/12/6,59.95,19966340,60.43,60.46,59.8
2016/12/5,60.22,23552030,59.7,60.585,59.56
2016/12/2,59.25,25464230,59.08,59.47,58.8
2016/12/1,59.2,34518030,60.11,60.15,58.935
2016/11/30,60.26,34641520,60.86,61.18,60.215
2016/11/29,61.09,22365860,60.65,61.41,60.52
2016/11/28,60.61,20604370,60.34,61.02,60.21
2016/11/25,60.53,8409616,60.3,60.53,60.13
2016/11/23,60.4,21847500,61.01,61.1,60.25
2016/11/22,61.12,23205870,60.98,61.26,60.805
2016/11/21,60.86,19638240,60.5,60.97,60.42
2016/11/18,60.35,27210170,60.78,61.14,60.3
2016/11/17,60.64,32084890,60.41,60.95,59.965
2016/11/16,59.65,27329530,58.94,59.66,58.81
2016/11/15,58.87,35850360,58.33,59.49,58.315
2016/11/14,58.12,41248640,59.02,59.08,57.28
2016/11/11,59.02,35932400,58.23,59.116,58.01
2016/11/10,58.7,57770560,60.48,60.49,57.6302
2016/11/9,60.17,49588490,60,60.59,59.2
2016/11/8,60.47,22923800,60.55,60.78,60.15
2016/11/7,60.42,31652340,59.78,60.52,59.78
2016/11/4,58.71,28693430,58.65,59.28,58.52
2016/11/3,59.21,21448620,59.53,59.64,59.11
2016/11/2,59.43,22118490,59.82,59.93,59.3
2016/11/1,59.8,24474870,59.97,60.02,59.25
2016/10/31,59.92,26418340,60.16,60.42,59.92
2016/10/28,59.87,33569190,60.01,60.52,59.58
2016/10/27,60.1,28444550,60.61,60.83,60.09
2016/10/26,60.63,29908240,60.81,61.2,60.47
2016/10/25,60.99,35119480,60.85,61.3699,60.8
2016/10/24,61,54039610,59.94,61,59.93
2016/10/21,59.66,80008400,60.28,60.45,59.485
2016/10/20,57.25,48880910,57.5,57.52,56.66
2016/10/19,57.53,22840410,57.47,57.84,57.395
2016/10/18,57.66,18862790,57.53,57.945,57.41
2016/10/17,57.22,23829490,57.36,57.46,56.87
2016/10/14,57.42,27221480,57.12,57.74,57.12
2016/10/13,56.92,25217590,56.7,57.3,56.315
2016/10/12,57.11,22157100,57.11,57.27,56.4
2016/10/11,57.19,26483780,57.89,58.02,56.89
2016/10/10,58.04,18085830,57.91,58.39,57.87
2016/10/7,57.8,20062440,57.85,57.98,57.42
2016/10/6,57.74,16194470,57.74,57.86,57.28
2016/10/5,57.64,16708620,57.29,57.9601,57.26
2016/10/4,57.24,20061950,57.27,57.595,56.97
2016/10/3,57.42,19156410,57.405,57.55,57.06
2016/9/30,57.6,29877820,57.57,57.77,57.34
2016/9/29,57.4,25389600,57.81,58.1679,57.21
2016/9/28,58.03,20523320,57.88,58.06,57.67
2016/9/27,57.95,28029780,56.93,58.06,56.681
2016/9/26,56.9,21184750,57.08,57.14,56.83
2016/9/23,57.43,19941140,57.87,57.91,57.38
2016/9/22,57.82,19821760,57.92,58,57.63
2016/9/21,57.76,33623490,57.51,57.85,57.08
2016/9/20,56.81,17347740,57.35,57.35,56.75
2016/9/19,56.93,20919450,57.27,57.75,56.85
2016/9/16,57.25,44603890,57.63,57.63,56.75
2016/9/15,57.19,27049520,56.15,57.35,55.98
2016/9/14,56.26,24265700,56.39,56.63,56.03
2016/9/13,56.53,30062330,56.5,56.65,56.05
2016/9/12,57.05,29266780,56,57.205,55.61
2016/9/9,56.21,35026930,56.79,57.52,56.21
2016/9/8,57.43,20109050,57.63,57.79,57.18
2016/9/7,57.66,17484810,57.47,57.84,57.405
2016/9/6,57.61,16264890,57.78,57.8,57.21
2016/9/2,57.67,18897210,57.67,58.19,57.42
2016/9/1,57.59,26053530,57.01,57.82,57.01
2016/8/31,57.46,20844280,57.65,57.8,57.3
2016/8/30,57.89,16900190,57.98,58.19,57.61
2016/8/29,58.1,16388470,58.18,58.6,58.1
2016/8/26,58.03,20935160,58.28,58.7,57.69
2016/8/25,58.17,18551890,57.88,58.29,57.78
2016/8/24,57.95,17118420,57.8,58.04,57.715
2016/8/23,57.89,18722560,57.9,58.18,57.85
2016/8/22,57.67,15215880,57.6,57.75,57.26
2016/8/19,57.62,17271010,57.43,57.73,57.2
2016/8/18,57.6,14211810,57.42,57.7,57.27
2016/8/17,57.56,18798940,57.54,57.68,57.23
2016/8/16,57.44,20452960,57.61,57.62,57.27
2016/8/15,58.12,18764820,58.01,58.5,57.96
2016/8/12,57.94,21646690,58.03,58.19,57.62
2016/8/11,58.3,18161190,58.03,58.45,58.03
2016/8/10,58.02,15702720,58.16,58.32,57.82
2016/8/9,58.2,16891750,58.17,58.5,58.02
2016/8/8,58.06,19459340,58.055,58.085,57.78
2016/8/5,57.96,28804780,57.65,58.21,57.45
2016/8/4,57.39,26485600,56.8,57.5193,56.67
2016/8/3,56.97,22069790,56.68,57.11,56.49
2016/8/2,56.58,35115250,56.85,56.9,56.31
2016/8/1,56.58,26003110,56.6,56.75,56.14
2016/7/29,56.68,30556950,56.26,56.76,56.05
2016/7/28,56.21,37246140,56,56.37,55.72
2016/7/27,56.19,32283520,56.61,56.8,56.11
2016/7/26,56.76,28028820,56.52,57.29,56.51
2016/7/25,56.73,24313330,56.47,56.74,56.255
2016/7/22,56.57,31900840,56.08,56.6275,55.78
2016/7/21,55.8,32752350,55.98,56.23,55.76
2016/7/20,55.91,89835200,56.15,56.84,55.53
2016/7/19,53.09,51870970,53.71,53.9,52.93
2016/7/18,53.96,31087650,53.7,54.34,53.55
2016/7/15,53.7,31986450,53.95,54,53.21
2016/7/14,53.74,24535370,53.84,53.99,53.58
2016/7/13,53.51,25334860,53.56,53.86,53.18
2016/7/12,53.21,27312600,52.94,53.4,52.785
2016/7/11,52.59,21894550,52.5,52.83,52.47
2016/7/8,52.3,28390820,51.73,52.36,51.55
2016/7/7,51.38,19582210,51.42,51.61,51.07
2016/7/6,51.38,28165990,50.78,51.54,50.39
2016/7/5,51.17,24781550,50.83,51.28,50.74
2016/7/1,51.16,21398770,51.13,51.72,51.07
2016/6/30,51.17,28524020,50.72,51.3,50.5
2016/6/29,50.54,31287260,49.91,50.72,49.8
2016/6/28,49.44,38132040,48.92,49.47,48.67
2016/6/27,48.43,50308070,49.1,49.1466,48.035
2016/6/24,49.83,133456500,49.81,50.94,49.52
2016/6/23,51.91,28960330,51.28,52.06,51.15
2016/6/22,50.99,28801660,51.08,51.46,50.9525
2016/6/21,51.19,34075570,50.2,51.43,50.16
2016/6/20,50.07,35597220,50.64,50.83,50.03
2016/6/17,50.13,45675100,50.41,50.43,49.82
2016/6/16,50.39,31104460,49.52,50.47,49.5068
2016/6/15,49.69,33718830,49.78,50.12,49.69
2016/6/14,49.83,42568290,49.9,50.1,49.57
2016/6/13,50.14,83206230,49.58,50.715,49.06
2016/6/10,51.48,25833020,51.05,52.05,51.04
2016/6/9,51.62,20303990,52,52,51.49
2016/6/8,52.04,21127190,52.02,52.44,51.87
2016/6/7,52.1,20798030,52.24,52.73,52.1
2016/6/6,52.13,18137760,51.99,52.35,51.89
2016/6/3,51.79,23254530,52.38,52.42,51.6
2016/6/2,52.48,22682220,52.64,52.74,51.835
2016/6/1,52.85,25104350,52.44,52.95,52.44
2016/5/31,53,37461550,52.26,53,52.08
2016/5/27,52.32,17671620,51.92,52.32,51.77
2016/5/26,51.89,24308620,51.93,51.9793,51.36
2016/5/25,52.12,24176970,51.92,52.49,51.79
2016/5/24,51.59,34726410,50.7,51.71,50.4
2016/5/23,50.03,26110160,50.6,50.68,49.98
2016/5/20,50.62,23770620,50.48,51.22,50.4
2016/5/19,50.32,23784750,50.47,50.62,49.82
2016/5/18,50.81,24861480,50.48,51.14,50.3
2016/5/17,50.51,27790370,51.72,51.73,50.36
2016/5/16,51.83,19962750,50.8,51.96,50.75
2016/5/13,51.08,22439560,51.44,51.895,51.04
2016/5/12,51.51,24101640,51.2,51.81,50.92
2016/5/11,51.05,24026140,51.13,51.78,51
2016/5/10,51.02,22871860,50.33,51.1,50.19
2016/5/9,50.07,17883360,50.49,50.585,50
2016/5/6,50.39,24772020,49.92,50.39,49.66
2016/5/5,49.94,25386690,49.87,50.3,49.73
2016/5/4,49.87,24249670,49.84,50.06,49.46
2016/5/3,49.78,26445230,50.34,50.41,49.6
2016/5/2,50.61,33105170,50,50.75,49.7799
2016/4/29,49.87,48391580,49.35,50.25,49.35
2016/4/28,49.9,43108350,50.62,50.77,49.56
2016/4/27,50.94,43301480,51.48,51.5,50.55
2016/4/26,51.44,33513780,52.26,52.35,51.09
2016/4/25,52.11,33124870,51.78,52.13,51.63
2016/4/22,51.78,126793100,51.91,52.4297,50.77
2016/4/21,55.78,38182900,55.8,56.23,55.415
2016/4/20,55.59,36169280,56.29,56.5,55.485
2016/4/19,56.39,29566220,56.63,56.77,55.68
2016/4/18,56.46,23758570,55.49,56.59,55.21
2016/4/15,55.65,28462970,55.3,55.92,55.11
2016/4/14,55.36,20875260,55.22,55.575,55.07
2016/4/13,55.35,20813640,55.12,55.4375,54.89
2016/4/12,54.65,24874410,54.37,54.78,53.76
2016/4/11,54.31,21400400,54.49,55.15,54.3
2016/4/8,54.42,22159630,54.67,55.28,54.32
2016/4/7,54.46,19221270,54.87,54.91,54.23
2016/4/6,55.12,21072150,54.36,55.2,54.21
2016/4/5,54.56,19261620,55.19,55.3,54.46
2016/4/4,55.43,18908300,55.43,55.66,55
2016/4/1,55.57,24383590,55.05,55.61,54.57
2016/3/31,55.23,26353570,54.95,55.59,54.86
2016/3/30,55.05,22992090,54.93,55.64,54.9
2016/3/29,54.71,23913950,53.66,54.86,53.45
2016/3/28,53.54,17018120,54.21,54.29,53.33
2016/3/24,54.21,18967510,53.84,54.33,53.73
2016/3/23,53.97,20123800,54.11,54.24,53.74
2016/3/22,54.07,23105140,53.61,54.25,53.46
2016/3/21,53.86,23920160,53.25,53.9298,52.93
2016/3/18,53.49,67622520,54.92,54.97,53.445
2016/3/17,54.66,28193010,54.21,55,54
2016/3/16,54.35,31679130,53.45,54.6,53.4
2016/3/15,53.59,21011480,52.75,53.59,52.74
2016/3/14,53.17,24079770,52.71,53.59,52.63
2016/3/11,53.07,32267360,53,53.07,52.38
2016/3/10,52.05,38385600,52.93,52.94,51.16
2016/3/9,52.84,28238270,51.89,52.85,51.855
2016/3/8,51.65,33822940,50.8,52.13,50.595
2016/3/7,51.03,38426220,51.56,51.8,50.58
2016/3/4,52.03,33033010,52.4,52.45,51.71
2016/3/3,52.35,24423260,52.97,52.97,51.78
2016/3/2,52.95,29269240,52.41,52.96,52.155
2016/3/1,52.58,32999880,50.97,52.59,50.9199
2016/2/29,50.88,31632160,51.35,51.65,50.66
2016/2/26,51.3,35945290,52.6,52.68,51.1
2016/2/25,52.1,26906570,51.73,52.1,50.61
2016/2/24,51.36,32918630,50.69,51.5,50.2
2016/2/23,51.18,28866480,52.34,52.37,50.98
2016/2/22,52.65,24992030,52.28,53,52.28
2016/2/19,51.82,33531580,51.97,52.28,51.53
2016/2/18,52.19,27016950,52.33,52.95,52.1
2016/2/17,52.42,40779580,51.49,52.77,51.45
2016/2/16,51.09,36460400,50.9,51.09,50.13
2016/2/12,50.5,34216160,50.25,50.68,49.75
2016/2/11,49.69,48855890,48.68,50.11,48.51
2016/2/10,49.71,38220450,49.89,50.39,49.52
2016/2/9,49.28,46589450,49.02,50.24,48.67
2016/2/8,49.41,58393070,49.55,49.57,48.19
2016/2/5,50.16,61262540,51.94,52,49.56
2016/2/4,52,46967100,52.1,52.81,51.37
2016/2/3,52.16,57526850,53.25,53.39,51.26
2016/2/2,53,55388320,54.17,54.26,52.65
2016/2/1,54.71,44172930,54.88,55.09,54.495
2016/1/29,55.09,83559310,54.73,55.09,54
2016/1/28,52.055,61275100,51.86,52.21,51.25
2016/1/27,51.22,36647310,52.01,52.2,51.0201
2016/1/26,52.17,28768620,51.79,52.44,51.55
2016/1/25,51.79,34654900,51.94,52.65,51.65
2016/1/22,52.29,36881330,51.41,52.33,51.26
2016/1/21,50.48,40172530,51,51.58,50.3
2016/1/20,50.79,63249630,49.98,51.38,49.1
2016/1/19,50.56,43484630,51.48,51.68,50.06
2016/1/15,50.99,71037400,51.31,51.97,50.34
2016/1/14,53.11,52227000,52,53.4163,51.57
2016/1/13,51.64,66862860,53.8,54.07,51.3038
2016/1/12,52.78,36061760,52.76,53.1,52.06
2016/1/11,52.3,36889200,52.51,52.85,51.46
2016/1/8,52.33,48718970,52.37,53.28,52.15
2016/1/7,52.17,56497950,52.7,53.485,52.07
2016/1/6,54.05,39498780,54.32,54.4001,53.64
2016/1/5,55.05,34059040,54.93,55.39,54.54
2016/1/4,54.8,53209740,54.32,54.8,53.39
2015/12/31,55.48,27329930,56.04,56.19,55.42
2015/12/30,56.31,21690270,56.47,56.78,56.2875
2015/12/29,56.55,27727810,56.29,56.85,56.06
2015/12/28,55.95,21704030,55.35,55.95,54.98
2015/12/24,55.67,9570002,55.86,55.96,55.43
2015/12/23,55.82,27269200,55.7,55.88,55.44
2015/12/22,55.35,28305310,54.99,55.48,54.5
2015/12/21,54.83,37221910,54.88,55.35,54.2262
2015/12/18,54.13,84141520,55.77,56,54.03
2015/12/17,55.7,41244620,56.36,56.79,55.5348
2015/12/16,56.13,37473420,55.54,56.245,54.76
2015/12/15,55.2,39678290,55.66,55.9,55.09
2015/12/14,55.14,46963970,54.33,55.21,53.68
2015/12/11,54.06,39535140,54.71,55.1,54.01
2015/12/10,55.27,31771820,55.39,55.655,55.01
2015/12/9,54.98,36359780,55.37,55.87,54.51
2015/12/8,55.79,32752860,55.47,56.1,54.99
2015/12/7,55.81,30704980,55.79,55.97,55.29
2015/12/4,55.91,43954660,54.12,56.23,54.1
2015/12/3,54.2,38625370,55.49,55.77,53.93
2015/12/2,55.21,47249030,55.32,55.96,55.06
2015/12/1,55.22,39912320,54.41,55.23,54.3
2015/11/30,54.35,54403560,54.54,54.96,53.9999
2015/11/27,53.93,9009132,53.8,54.08,53.79
2015/11/25,53.69,20987820,54.09,54.23,53.69
2015/11/24,54.25,24589530,53.92,54.44,53.58
2015/11/23,54.19,28218110,54.25,54.46,53.75
2015/11/20,54.19,37106670,54.25,54.3,53.265
2015/11/19,53.94,28141820,53.99,54.66,53.781
2015/11/18,53.85,29125950,53,53.98,52.9799
2015/11/17,52.97,31546750,53.17,53.53,52.85
2015/11/16,53.765,31944340,53.08,53.89,52.85
2015/11/13,52.84,36796370,53.07,53.29,52.53
2015/11/12,53.32,35304350,53.48,53.9791,53.19
2015/11/11,53.65,34010630,53.7,54.2,53.46
2015/11/10,53.51,55268090,54.07,54.13,53.27
2015/11/9,54.16,32498870,54.55,54.87,53.56
2015/11/6,54.92,32835100,54.085,54.98,53.964
2015/11/5,54.38,31466080,54.49,54.7,54
2015/11/4,54.4,37084780,54.18,54.88,54.06
2015/11/3,54.15,36584100,52.93,54.39,52.9
2015/11/2,53.24,30229020,52.85,53.36,52.62
2015/10/30,52.64,46602700,53.32,53.99,52.62
2015/10/29,53.36,30109050,53.54,53.83,53.22
2015/10/28,53.98,46948360,53.54,53.98,52.86
2015/10/27,53.69,50959580,53.99,54.37,53.58
2015/10/26,54.25,64541790,52.53,54.32,52.5
2015/10/23,52.87,135152900,52.3,54.07,52.25
2015/10/22,48.03,55888280,47.53,48.95,47.09
2015/10/21,47.2,25222760,47.92,47.99,47.11
2015/10/20,47.77,30794100,47.44,47.81,47.02
2015/10/19,47.62,29357660,47.42,47.88,47.02
2015/10/16,47.51,25845550,47.02,47.54,46.897
2015/10/15,47.01,27155510,47.01,47.03,46.53
2015/10/14,46.68,24693460,46.65,47.1,46.53
2015/10/13,46.89,19985330,46.56,47.1299,46.56
2015/10/12,47,19756420,46.98,47.07,46.5
2015/10/9,47.11,28581690,47.45,47.54,46.92
2015/10/8,47.45,33733860,46.56,47.515,46.5
2015/10/7,46.8,27695610,47.1,47.35,45.95
2015/10/6,46.75,27504360,46.33,47.175,46.22
2015/10/5,46.63,33546080,45.745,46.89,45.7
2015/10/2,45.57,41789610,44.27,45.57,43.92
2015/10/1,44.61,28564790,44.75,44.75,43.75
2015/9/30,44.26,34944070,43.88,44.3,43.66
2015/9/29,43.44,32748610,43.37,43.57,43.05
2015/9/28,43.29,27454240,43.83,44.085,43.205
2015/9/25,43.94,29378050,44.48,44.73,43.76
2015/9/24,43.91,27867010,43.45,44.13,43.27
2015/9/23,43.87,17099600,43.93,44.17,43.51
2015/9/22,43.9,28060540,43.38,44.05,43.31
2015/9/21,44.11,26084680,43.62,44.47,43.6
2015/9/18,43.48,63000180,43.5,43.99,43.33
2015/9/17,44.25,29908540,44.29,45,44.08
2015/9/16,44.3,23337620,43.97,44.38,43.84
2015/9/15,43.98,28831030,43.19,44.29,43.08
2015/9/14,43.04,23654490,43.43,43.44,42.86
2015/9/11,43.48,26475350,43.14,43.59,42.9399
2015/9/10,43.29,31313520,43.12,43.79,42.745
2015/9/9,43.07,33448580,44.21,44.4,42.91
2015/9/8,43.89,32411680,43.3,44,43.2
2015/9/4,42.61,37019110,42.81,43.04,42.195
2015/9/3,43.5,28206410,43.41,43.98,43.28
2015/9/2,43.36,37624230,42.36,43.38,41.88
2015/9/1,41.82,49682210,42.17,42.59,41.66
2015/8/31,43.52,34434480,43.56,43.93,43.1
2015/8/28,43.93,28243230,43.4,44.15,43.39
2015/8/27,43.9,50612610,43.23,43.95,42.925
2015/8/26,42.71,63297300,42.01,42.84,41.06
2015/8/25,40.47,70369920,42.565,43.24,40.39
2015/8/24,41.68,88489910,40.45,43.31,39.72
2015/8/21,43.07,69463900,45.3,45.48,43.07
2015/8/20,45.66,36176380,46.07,46.47,45.66
2015/8/19,46.61,31472060,46.78,47.08,46.3
2015/8/18,47.27,23572990,46.84,47.43,46.7
2015/8/17,47.32,21039660,46.81,47.45,46.57
2015/8/14,47,21460830,46.53,47.1,46.52
2015/8/13,46.73,22612650,47.06,47.1,46.49
2015/8/12,46.74,30184710,46.19,46.9,45.705
2015/8/11,46.41,28757610,46.82,46.94,45.9
2015/8/10,47.33,23045530,46.95,47.49,46.84
2015/8/7,46.74,19158590,46.39,46.78,46.26
2015/8/6,46.62,27344040,47.71,47.77,46.33
2015/8/5,47.58,27003740,47.98,48.41,47.54
2015/8/4,47.54,33306110,46.75,47.71,46.68
2015/8/3,46.81,23919340,46.98,47,46.45
2015/7/31,46.7,31192430,47.29,47.37,46.5
2015/7/30,46.88,39755700,46.26,47.4,45.93
2015/7/29,46.29,40924210,45.4,46.78,45.26
2015/7/28,45.34,34309080,45.58,45.639,44.79
2015/7/27,45.35,39472930,45.94,46.01,45.25
2015/7/24,45.94,32304070,45.91,46.32,45.8
2015/7/23,46.11,33708200,45.27,46.23,45.1
2015/7/22,45.54,59039160,45.44,46.93,45.203
2015/7/21,47.28,42211210,46.78,47.33,46.48
2015/7/20,46.92,30607770,46.65,47.13,46.44
2015/7/17,46.62,29454740,46.55,46.78,46.26
2015/7/16,46.66,26254220,46.01,46.69,45.965
2015/7/15,45.76,26619810,45.68,45.89,45.43
2015/7/14,45.62,22865770,45.45,45.96,45.31
2015/7/13,45.54,27875670,44.975,45.62,44.9501
2015/7/10,44.61,25365530,45.01,45.14,44.57
2015/7/9,44.52,32404100,44.75,45.22,44.5
2015/7/8,44.24,39761460,44.44,44.9,44.03
2015/7/7,44.3,36420230,44.34,44.49,43.32
2015/7/6,44.39,23025750,43.96,44.48,43.95
2015/7/2,44.4,21743250,44.48,44.75,44.06
2015/7/1,44.445,28339610,44.46,45.23,44.1
2015/6/30,44.15,35943040,44.71,44.72,43.94
2015/6/29,44.37,34004400,45.04,45.23,44.36
2015/6/26,45.26,49757070,45.65,46.28,45.03
2015/6/25,45.65,20599990,46.03,46.06,45.5
2015/6/24,45.635,34849400,45.67,46.245,45.55
2015/6/23,45.91,25881850,46.13,46.28,45.62
2015/6/22,46.23,20300480,46.33,46.72,46.16
2015/6/19,46.1,63733110,46.79,46.825,45.99
2015/6/18,46.72,32586480,46.22,46.8,46.17
2015/6/17,45.97,28683290,45.73,46.07,45.36
2015/6/16,45.83,26895950,45.35,46.24,45.3
2015/6/15,45.475,33227000,45.45,45.65,45.0201
2015/6/12,45.97,23916080,46.22,46.47,45.9
2015/6/11,46.44,27290100,46.66,46.92,46.13
2015/6/10,46.61,28416030,45.79,46.83,45.69
2015/6/9,45.65,24395800,45.76,45.94,45.46
2015/6/8,45.73,22108100,46.3,46.43,45.67
2015/6/5,46.14,25434870,46.31,46.52,45.84
2015/6/4,46.36,27474500,46.79,47.16,46.2
2015/6/3,46.85,28000370,47.37,47.735,46.82
2015/6/2,46.92,21484660,46.93,47.35,46.62
2015/6/1,47.23,28610080,47.06,47.77,46.62
2015/5/29,46.86,36497290,47.43,47.57,46.59
2015/5/28,47.45,19282810,47.5,48.02,47.39
2015/5/27,47.61,27333730,46.82,47.77,46.62
2015/5/26,46.59,29556430,46.83,46.88,46.19
2015/5/22,46.9,25700240,47.3,47.35,46.82
2015/5/21,47.42,22399100,47.28,47.6,47.005
2015/5/20,47.58,25035330,47.39,47.93,47.27
2015/5/19,47.58,28181300,47.56,47.81,47.18
2015/5/18,48.01,23918020,47.98,48.22,47.61
2015/5/15,48.295,28628370,48.87,48.905,48.05
2015/5/14,48.72,32956260,48.03,48.82,48.03
2015/5/13,47.625,34182750,48.19,48.32,47.57
2015/5/12,47.35,29927160,46.85,47.68,46.42
2015/5/11,47.37,24608910,47.55,47.91,47.37
2015/5/8,47.75,35060430,47.55,47.98,47.52
2015/5/7,46.7,32940820,46.27,47.085,46.16
2015/5/6,46.28,52416760,47.57,47.77,46.02
2015/5/5,47.6,50364250,47.82,48.16,47.31
2015/5/4,48.24,33986240,48.37,48.87,48.18
2015/5/1,48.655,36432670,48.58,48.875,48.4
2015/4/30,48.64,64127280,48.7,49.54,48.6
2015/4/29,49.06,47665440,48.72,49.31,48.5
2015/4/28,49.155,59860670,47.78,49.21,47.7
2015/4/27,48.03,58950840,47.23,48.13,47.22
2015/4/24,47.87,130885200,45.66,48.14,45.65
2015/4/23,43.34,45445510,42.89,43.61,42.8
2015/4/22,42.985,25032050,42.67,43.13,42.55
2015/4/21,42.635,26004920,43,43.15,42.53
2015/4/20,42.905,46051240,41.73,43.17,41.68
2015/4/17,41.615,41912450,41.67,41.74,41.16
2015/4/16,42.16,22425300,41.95,42.34,41.82
2015/4/15,42.255,27307270,41.76,42.46,41.68
2015/4/14,41.65,24238760,41.8,42.03,41.39
2015/4/13,41.76,30270750,41.4,42.06,41.39
2015/4/10,41.72,27856770,41.63,41.95,41.41
2015/4/9,41.48,25722630,41.25,41.62,41.25
2015/4/8,41.42,24699710,41.46,41.69,41.04
2015/4/7,41.53,28808840,41.61,41.91,41.31
2015/4/6,41.545,39161760,40.34,41.78,40.18
2015/4/2,40.29,37483000,40.66,40.74,40.12
2015/4/1,40.72,36841010,40.6,40.76,40.31
2015/3/31,40.655,34884740,40.78,41.03,40.54
2015/3/30,40.96,34999850,41.1,41.54,40.91
2015/3/27,40.97,33980410,41.12,41.43,40.83
2015/3/26,41.21,37483900,41.22,41.61,40.92
2015/3/25,41.46,43427180,42.92,42.925,41.44
2015/3/24,42.9,25453110,42.78,43.17,42.75
2015/3/23,42.855,26233420,42.88,43.13,42.78
2015/3/20,42.88,71754700,42.56,42.98,42.49
2015/3/19,42.285,33836100,42.26,42.59,42.22
2015/3/18,42.5,44178520,41.43,42.83,41.33
2015/3/17,41.695,31669340,41.37,41.83,41.15
2015/3/16,41.56,35257510,41.47,41.64,41.28
2015/3/13,41.38,57972120,40.7,41.47,40.61
2015/3/12,41.02,59984700,41.33,41.65,40.86
2015/3/11,41.98,32214780,42.31,42.37,41.84
2015/3/10,42.03,39158290,42.35,42.71,42.03
2015/3/9,42.85,32106530,42.19,43.125,42.19
2015/3/6,42.36,36120570,43,43.11,42.15
2015/3/5,43.11,23176110,43.07,43.24,42.82
2015/3/4,43.055,25746840,43.01,43.21,42.88
2015/3/3,43.28,31685600,43.56,43.825,43.09
2015/3/2,43.88,31766030,43.67,44.19,43.55
2015/2/27,43.85,33784370,44.13,44.2,43.66
2015/2/26,44.055,26524300,43.99,44.23,43.89
2015/2/25,43.99,29749090,43.95,44.09,43.8
2015/2/24,44.09,25262080,44.15,44.3,43.92
2015/2/23,44.15,32510550,43.7,44.19,43.65
2015/2/20,43.855,29710140,43.51,43.88,43.29
2015/2/19,43.5,27598050,43.18,43.5263,43.05
2015/2/18,43.53,27105640,43.63,43.7,43.39
2015/2/17,43.58,33692870,43.97,44,43.19
2015/2/13,43.87,40112080,43.38,43.87,43.15
2015/2/12,43.09,33238000,42.66,43.09,42.51
2015/2/11,42.38,38248500,42.65,42.65,42.21
2015/2/10,42.6,29655280,42.74,42.77,42.18
2015/2/9,42.36,27416280,42.24,42.74,42.21
2015/2/6,42.41,34612420,42.68,42.79,42.15
2015/2/5,42.45,36543020,42.22,42.64,41.855
2015/2/4,41.84,41585310,41.94,42.21,41.36
2015/2/3,41.6,52068450,41.63,41.93,41.045
2015/2/2,41.28,50274250,40.59,41.37,40.23
2015/1/30,40.4,77983360,41.55,41.58,40.35
2015/1/29,42.01,63551980,40.93,42.12,40.79
2015/1/28,41.19,84453280,42.74,42.79,41.16
2015/1/27,42.66,169115000,42.95,43.2,42.105
2015/1/26,47.01,40995700,47,47.1339,46.2399
2015/1/23,47.18,26136690,47.36,47.39,46.8
2015/1/22,47.13,35842790,46.38,47.135,46.08
2015/1/21,45.92,37113740,45.94,46.14,45.48
2015/1/20,46.39,36121800,46.3,46.65,45.57
2015/1/16,46.24,35683380,45.31,46.28,45.17
2015/1/15,45.48,32744260,46.22,46.38,45.41
2015/1/14,45.955,29713190,45.96,46.24,45.62
2015/1/13,46.355,35258300,46.97,47.91,46.06
2015/1/12,46.6,23623970,47.42,47.54,46.36
2015/1/9,47.19,23942750,47.61,47.82,46.9
2015/1/8,47.59,29634030,46.75,47.7499,46.72
2015/1/7,46.23,29103920,45.98,46.46,45.49
2015/1/6,45.65,36434980,46.38,46.749,45.54
2015/1/5,46.325,39667400,46.37,46.73,46.25
2015/1/2,46.76,27843560,46.66,47.42,46.54
2014/12/31,46.45,21551090,46.73,47.44,46.45
2014/12/30,47.02,16380820,47.44,47.62,46.84
2014/12/29,47.45,14417170,47.7,47.78,47.26
2014/12/26,47.88,13197120,48.41,48.41,47.82
2014/12/24,48.14,11442790,48.64,48.64,48.08
2014/12/23,48.45,23654190,48.37,48.8,48.13
2014/12/22,47.98,26561880,47.78,48.12,47.71
2014/12/19,47.66,64504160,47.63,48.1,47.17
2014/12/18,47.52,40031480,46.58,47.52,46.3386
2014/12/17,45.74,34967260,45.05,45.945,44.9
2014/12/16,45.16,47764300,45.9,46.34,45.13
2014/12/15,46.67,29213490,47.2,47.67,46.55
2014/12/12,46.95,34247280,46.78,47.73,46.67
2014/12/11,47.17,29060360,47.08,47.74,46.68
2014/12/10,46.9,30284690,47.58,47.66,46.7001
2014/12/9,47.59,24326090,47.11,47.92,47.05
2014/12/8,47.695,26652610,48.26,48.35,47.445
2014/12/5,48.42,26705270,48.82,48.97,48.38
2014/12/4,48.84,30342050,48.39,49.06,48.2
2014/12/3,48.08,23528130,48.44,48.5,47.805
2014/12/2,48.46,25768100,48.84,49.05,48.2
2014/12/1,48.62,31187680,47.88,48.78,47.71
2014/11/28,47.81,21534430,47.95,48.195,47.61
2014/11/26,47.75,27162850,47.49,47.99,47.28
2014/11/25,47.47,27951120,47.66,47.97,47.45
2014/11/24,47.59,34266860,47.99,48,47.39
2014/11/21,47.98,42867970,49.02,49.05,47.57
2014/11/20,48.7,21486310,48,48.7,47.87
2014/11/19,48.22,26166200,48.66,48.7549,47.93
2014/11/18,48.74,23938060,49.13,49.325,48.7
2014/11/17,49.46,30309630,49.41,49.705,49.14
2014/11/14,49.58,29074940,49.74,50.045,49.39
2014/11/13,49.61,26207930,48.81,49.645,48.705
2014/11/12,48.78,22721330,48.56,48.92,48.52
2014/11/11,48.87,22180480,48.85,48.93,48.645
2014/11/10,48.89,36364840,48.65,49.15,48.55
2014/11/7,48.68,27987700,48.92,48.92,48.2901
2014/11/6,48.7,33033070,47.86,48.86,47.79
2014/11/5,47.86,22447160,47.8,47.9,47.26
2014/11/4,47.57,21287870,47.301,47.73,47.25
2014/11/3,47.44,23078100,46.89,47.46,46.73
2014/10/31,46.95,35826980,46.94,46.97,46.48
2014/10/30,46.05,30040850,46.32,46.32,45.77
2014/10/29,46.62,30274720,46.44,46.7,46.34
2014/10/28,46.49,29001420,45.86,46.5,45.77
2014/10/27,45.91,30319900,45.71,46.1,45.71
2014/10/24,46.13,61053110,46.83,46.9,45.18
2014/10/23,45.02,43844860,44.62,45.445,44.53
2014/10/22,44.38,33570230,45,45.07,44.225
2014/10/21,44.88,36234890,44.36,44.975,44.19
2014/10/20,44.08,34523930,43.06,44.14,42.81
2014/10/17,43.63,40654940,43.2,43.935,42.79
2014/10/16,42.74,49007120,42.53,43.08,42.22
2014/10/15,43.22,60188290,43,43.39,42.1
2014/10/14,43.73,38097300,43.87,44.38,43.56
2014/10/13,43.65,37020680,43.82,44.56,43.49
2014/10/10,44.03,51877600,45.6,46.12,43.95
2014/10/9,45.85,34422150,46.5,46.8,45.74
2014/10/8,46.78,32977510,45.48,46.89,45.34
2014/10/7,45.53,25617210,45.86,45.93,45.42
2014/10/6,46.09,20532430,46.12,46.3,45.9199
2014/10/3,46.09,32351720,45.98,46.3,45.61
2014/10/2,45.76,25297400,45.83,46.1,45.64
2014/10/1,45.9,38050210,46.27,46.53,45.845
2014/9/30,46.36,32996820,46.37,46.4763,46.01
2014/9/29,46.44,26057810,45.98,46.56,45.76
2014/9/26,46.41,27051350,45.93,46.62,45.76
2014/9/25,46.04,32927320,46.88,47.09,46.03
2014/9/24,47.08,26533890,46.63,47.11,46.34
2014/9/23,46.56,33386790,46.85,46.98,46.47
2014/9/22,47.06,38655550,47.3,47.38,46.98
2014/9/19,47.52,202514100,46.81,47.57,46.6
2014/9/18,46.68,35493560,46.59,46.83,46.46
2014/9/17,46.52,38247550,46.26,46.69,46.23
2014/9/16,46.76,27865200,46.39,46.85,46.29
2014/9/15,46.24,37630230,46.54,46.71,46.1
2014/9/12,46.695,38224850,46.91,47.02,46.6
2014/9/11,47,29201070,46.74,47,46.47
2014/9/10,46.84,27297820,46.82,46.94,46.28
2014/9/9,46.76,40248050,46.47,46.97,46.42
2014/9/8,46.47,45709750,46.02,46.8,45.99
2014/9/5,45.91,36687170,45.11,45.93,45.11
2014/9/4,45.26,26475110,44.74,45.27,44.72
2014/9/3,44.96,33662430,44.53,45.11,44.53
2014/9/2,45.09,22956270,45.43,45.46,44.85
2014/8/29,45.43,21577940,45.09,45.44,44.855
2014/8/28,44.88,17656590,44.75,44.98,44.61
2014/8/27,44.87,20822900,44.9,45,44.76
2014/8/26,45.005,14850670,45.31,45.395,44.94
2014/8/25,45.17,16815800,45.4,45.44,45.04
2014/8/22,45.15,18293690,45.35,45.47,45.07
2014/8/21,45.22,22272010,44.84,45.25,44.83
2014/8/20,44.95,24747360,45.34,45.4,44.9
2014/8/19,45.33,28087670,44.97,45.34,44.83
2014/8/18,45.11,26882850,44.94,45.11,44.68
2014/8/15,44.79,41573360,44.58,44.895,44.4
2014/8/14,44.27,19304230,44.08,44.417,44.01
2014/8/13,44.08,22851140,43.68,44.18,43.52
2014/8/12,43.52,21422980,43.04,43.59,43
2014/8/11,43.2,19829060,43.26,43.45,43.02
2014/8/8,43.2,28942570,43.23,43.315,42.91
2014/8/7,43.23,30300560,42.84,43.45,42.65
2014/8/6,42.74,24625300,42.74,43.17,42.21
2014/8/5,43.08,26258880,43.31,43.46,42.83
2014/8/4,43.37,34200470,42.97,43.47,42.81
2014/8/1,42.86,30926280,43.21,43.25,42.6
2014/7/31,43.16,31527670,43.38,43.69,43.08
2014/7/30,43.5785,31918500,44.07,44.1,43.29
2014/7/29,43.885,27755840,43.91,44.09,43.64
2014/7/28,43.97,29650540,44.36,44.51,43.93
2014/7/25,44.5,26700810,44.3,44.66,44.3
2014/7/24,44.4,30692230,44.93,45,44.32
2014/7/23,44.87,52352270,45.45,45.45,44.62
2014/7/22,44.83,42589920,45,45.15,44.59
2014/7/21,44.835,37569630,44.56,45.16,44.22
2014/7/18,44.69,43396060,44.65,44.84,44.25
2014/7/17,44.53,82146080,45.45,45.71,44.25
2014/7/16,44.08,63304860,42.51,44.31,42.48
2014/7/15,42.45,28743300,42.33,42.47,42.03
2014/7/14,42.14,21878810,42.22,42.45,42.04
2014/7/11,42.09,24082750,41.7,42.09,41.48
2014/7/10,41.685,21854010,41.37,42,41.05
2014/7/9,41.67,18374910,41.98,41.99,41.53
2014/7/8,41.78,31218210,41.87,42,41.61
2014/7/7,41.99,21896680,41.75,42.12,41.71
2014/7/3,41.8,15969310,41.91,41.99,41.56
2014/7/2,41.9,20208090,41.73,41.9,41.53
2014/7/1,41.87,26916950,41.86,42.15,41.69
2014/6/30,41.7,30790300,42.17,42.21,41.7
2014/6/27,42.25,70385440,41.61,42.29,41.51
2014/6/26,41.72,23604390,41.93,41.94,41.43
2014/6/25,42.03,20038340,41.7,42.05,41.46
2014/6/24,41.745,26499460,41.83,41.94,41.56
2014/6/23,41.99,18731430,41.73,42,41.69
2014/6/20,41.68,47760950,41.445,41.83,41.38
2014/6/19,41.51,19828190,41.57,41.77,41.3301
2014/6/18,41.65,27053740,41.605,41.74,41.18
2014/6/17,41.68,22473060,41.29,41.91,40.335
2014/6/16,41.5,24127410,41.04,41.61,41.04
2014/6/13,41.23,26305900,41.1,41.565,40.86
2014/6/12,40.58,29812690,40.81,40.88,40.29
2014/6/11,40.86,17635280,40.93,41.07,40.765
2014/6/10,41.11,15002270,41.03,41.16,40.86
2014/6/9,41.27,15011640,41.39,41.48,41.02
2014/6/6,41.48,24042030,41.48,41.66,41.24
2014/6/5,41.21,31839900,40.59,41.25,40.4
2014/6/4,40.32,23198020,40.21,40.37,39.86
2014/6/3,40.29,18041370,40.6,40.68,40.25
2014/6/2,40.79,18493950,40.95,41.09,40.68
2014/5/30,40.94,34564370,40.45,40.97,40.25
2014/5/29,40.34,19887140,40.15,40.35,39.91
2014/5/28,40.01,25711440,40.14,40.19,39.82
2014/5/27,40.19,26160450,40.26,40.26,39.81
2014/5/23,40.12,18013300,40.37,40.37,40
2014/5/22,40.1,20201010,40.29,40.35,39.85
2014/5/21,40.35,22377460,39.8,40.35,39.7399
2014/5/20,39.68,21318920,39.68,39.94,39.46
2014/5/19,39.75,23640880,39.61,39.82,39.46
2014/5/16,39.83,29867030,39.67,39.84,39.27
2014/5/15,39.6,37717220,40.09,40.4,39.51
2014/5/14,40.24,18803840,40.3,40.45,40.05
2014/5/13,40.42,26994040,39.92,40.5,39.85
2014/5/12,39.97,22761620,39.74,40.02,39.65
2014/5/9,39.54,29646100,39.54,39.85,39.37
2014/5/8,39.64,32089010,39.34,39.9,38.97
2014/5/7,39.425,41731030,39.22,39.51,38.51
2014/5/6,39.06,27105700,39.29,39.35,38.95
2014/5/5,39.43,22438370,39.52,39.6399,39.3
2014/5/2,39.69,43404480,40.31,40.34,39.66
2014/5/1,40,28787400,40.24,40.36,39.95
2014/4/30,40.4,35421760,40.4,40.5,40.1699
2014/4/29,40.51,29625310,41.1,41.19,40.39
2014/4/28,40.87,50598770,40.14,41.29,40.09
2014/4/25,39.91,56869690,40.29,40.68,39.75
2014/4/24,39.86,41840750,39.74,39.97,39.3
2014/4/23,39.69,24556290,39.99,39.99,39.47
2014/4/22,39.99,27052740,39.96,40.14,39.83
2014/4/21,39.94,22200560,40.13,40.15,39.79
2014/4/17,40.01,36688000,40.01,40.195,39.51
2014/4/16,40.4,30282610,40.06,40.415,39.905
2014/4/15,39.75,33966410,39.34,39.96,39.05
2014/4/14,39.18,32005420,39.11,39.41,38.9
2014/4/11,39.209,34329160,39,39.79,39
2014/4/10,39.36,45936930,40.44,40.69,39.09
2014/4/9,40.47,27331630,39.93,40.55,39.88
2014/4/8,39.82,35918620,39.75,39.93,39.2
2014/4/7,39.8,37543980,39.96,40.27,39.74
2014/4/4,39.87,51342010,41.25,41.39,39.64
2014/4/3,41.01,29986320,41.29,41.29,40.71
2014/4/2,41.35,28614590,41.44,41.66,41.17
2014/4/1,41.42,32604260,41.15,41.59,41.07
2014/3/31,40.99,46840570,40.43,41.5,40.4
2014/3/28,40.3,43414400,39.79,40.635,39.68
2014/3/27,39.36,35215570,39.74,39.97,39.34
